Course,Career Text,Careers,Learning Outcomes,Curriculum
Python,"Python developers will remain in high demand, with software development jobs projected to grow 17% from 2023 to 2033. Its widespread use in AI, data science, cloud computing, and automation ensures its relevance across industries. By 2034, global tech jobs are expected to rise from 6 million to 7.1 million, further increasing Python's significance. Businesses will continue to rely on Python for innovation, scalability, and efficiency. Its versatility and extensive ecosystem make it a cornerstone of future technology",Python Developer: Responsible for building applications.Data Scientist: Analyzes and interprets complex data.Machine Learning Engineer: Develops AI systems.Data Analyst/Data Engineer: Works with data.Full-Stack Developer: Works on both front-end and back-end.DevOps Engineer: Manages deployment and operations,"Core Python Proficiency – Understand Python syntax, data structures, and programming logic to write clean, efficient code.Automation & Problem-Solving – Develop scripts to automate tasks, streamline workflows, and enhance efficiency.Data Processing & Analysis – Learn how to manipulate, analyze, and visualize data using Python libraries like Matplotlib and Pandas.Web & Application Development – Build dynamic web applications, Work with APIs, see frameworks like Flask in action","Foundations-Basic Python Syntax,If-Statements,Datatypes & Structures.For-Loops, Strings, Functions & While Loops.Lists & List Comprehensions.Database - Python database programming"
Linux Foundations,"Linux skills will remain highly valuable as open-source technologies continue to drive innovation. The demand for Linux professionals is projected to grow, with the global DevOps market expected to reach $20.31 billion by 2032. Its widespread use in cloud computing, cybersecurity, and enterprise infrastructure ensures long-term relevance. By 2034, companies will increasingly rely on Linux for automation, system administration, and secure computing. Its flexibility, security, and efficiency make it a critical skill for future technology professionals.",Linux System Administrator: Manages and maintains Linux-based servers and systems.Cybersecurity Analyst: Secures Linux systems against threats and vulnerabilities.Cloud Engineer: Deploys and manages Linux infrastructure in cloud environments.DevOps Engineer: Automates software deployment and server management with Linux,"Core Linux Proficiency – Understand Linux commands, file system structure, and shell system management.System Administration & Security – Learn user management, permissions, networking, and security best practices to maintain secure Linux environments.Automation & Problem-Solving – Use Bash scripting and automation tools to streamline workflows.Server & Cloud Deployment – Gain hands-on experience in deploying and managing Linux-based servers, working with cloud platforms, and troubleshooting system issues",Introduction to Linux and the Command Line.Overview of Linux & Distributions.File Management.Processes and System Monitoring.Networking Basics
Frontend Development,Frontend development skills are crucial for building user-friendly and responsive web applications. Demand for skilled frontend developers continues to grow with the expansion of web technologies,"Frontend Developer: Designs and builds interactive web interfaces.UI/UX Designer: Enhances user experience with design principles.Implements responsive and mobile-friendly layouts.Optimizes website performance and load speed.Collaborates with designers to bring UI/UX concepts to life.Ensures cross-browser compatibility and accessibility.Writes clean, maintainable, and reusable code","HTML, CSS, and JavaScript Proficiency .Build modern and responsive web pages using core frontend technologies.Write clean, semantic HTML for better SEO and accessibility.Use CSS Flexbox for advanced page layouts.Implement animations and transitions for improved user experience","Introduction to Web Development.HTML, CSS, and JavaScript Basics.Working with Responsive Design. JavaScript Frameworks (React/Vue).API Integration"
Backend Development,"Backend development powers web applications by managing data, security, and server-side logic. Backend engineers play a key role in scaling applications efficiently.",Backend Developer: Creates and maintains server-side logic.API Developer: Builds and manages RESTful and GraphQL APIs.Manages authentication and user permissions.Integrates third-party services and APIs.Improves performance and scalability of applications,Database Management -Learn to use SQL and NoSQL databases effectively.Server-Side Scripting  Develop applications using Python (Flask/Django) or Node.js.Work effectively with APIs.Create micro-services and applications,"Backend Architecture Overview.Database Design and Queries (SQL, MongoDB).API Development (REST & GraphQL).Authentication & Security Best Practices"
Data Analytics,"Data analytics professionals are projected to grow by 25% from 2023 to 2033, driven by AI, big data, and automation. Global jobs will increase from 10 million in 2023 to 12.5 million in 2033 and reach 13 million by 2034. Industries like finance, healthcare, and retail will fuel demand. The role remains crucial for business intelligence, forecasting, and decision-making. AI integration will further enhance its relevance in modern economies.","Data Analyst: Interprets and visualizes data for business insights.Business Intelligence Analyst: Works with dashboards and reports.Uses statistical techniques to analyze datasets.Builds dashboards and reports to communicate findings.Identifies trends and patterns to aid decision-making.Works with SQL, Python, or R for data manipulation","Data Cleaning & Preprocessing  Prepare raw data for analysis.Data Visualization  Use tools like Matplotlib, Seaborn, and Power BI.",Introduction to Data Analytics.Data Cleaning and Preprocessing.Data Visualization and Dashboarding.Statistical Analysis & Reporting
Cybersecurity,"Cybersecurity professionals are projected to grow by 30% from 2023 to 2033, driven by rising cyber threats and regulatory demands. Global jobs will increase from 5 million in 2023 to 6.5 million by 2033, reaching 7 million by 2034. Growth will be fueled by demand in finance, healthcare, and government sectors. AI-powered security solutions and stricter compliance measures will further drive expansion, making cybersecurity a critical pillar of digital transformation","Cybersecurity Analyst: Monitors and defends systems against cyber threats.Ethical Hacker: Tests and strengthens security measures.Conducts vulnerability assessments and penetration testing.Investigates security alerts and anomalies.Manages firewalls, intrusion detection, and prevention systems","Network Security Fundamentals. Learn about firewalls, intrusion detection, VPNs, risks, vulnerabilities and attack vectors.Ethical Hacking Techniques - Understand penetration testing and vulnerability assessments.",Introduction to Cybersecurity.Network Security & Encryption.Penetration Testing Basics.Security Best Practices & Compliance
UI/UX Development,UI/UX designers enhance digital experiences by improving usability and aesthetics of applications. Strong UI/UX skills are in high demand across tech industries.,"UI Designer: Focuses on the visual aspects of applications.UX Designer: Optimizes user interaction and experience.Develops design systems, color palettes, and typography guidelines.Collaborates with developers to ensure accurate design implementation.Uses tools like Figma, Sketch, and Adobe XD for prototyping.Ensures consistency and responsiveness across different devices",User Research & Wireframing-Understand user behavior to create intuitive designs.Prototyping & Usability Testing  Develop and refine interactive prototypes.,Introduction to UI/UX Principles.Design Thinking & User Research-Wireframing & Prototyping.Usability Testing & Iteration
Financial Modeling,"Financial modeling professionals will remain in high demand, with finance-related roles projected to grow 15% from 2023 to 2033. Its critical role in investment analysis, corporate finance, and risk management ensures its relevance across industries. By 2034, global finance jobs are expected to increase from 8 million to 9.2 million, further solidifying financial modeling's importance. Businesses will continue to depend on financial models for strategic planning, valuations, and decision-making. Its integration with automation, AI, and data analytics makes it a cornerstone of modern financial strategy and economic forecasting.","Financial Analyst – Analyze company financials & investments.Investment Analyst – Work in venture capital, private equity, or asset management.Corporate Finance Associate – Help companies with budgeting & financial planning.Business Consultant – Build financial models for decision-making","Understand financial statements and key financial metrics.Use Excel to create financial models, forecasts, and budgets.Conduct business valuations and investment analysis.Build cash flow projections and startup financial models.Develop dynamic financial models used by analysts and investors",Introduction to Financial Modeling & Accounting Basics.Financial Ratios & Performance Analysis.Introduction to Excel for Financial Modeling.Revenue & Expense Forecasting
No code Development,"No-code development is set to experience exponential growth, with the global market projected to expand at a CAGR of 25% from 2023 to 2033. As businesses prioritize rapid digital transformation, no-code tools are becoming essential for creating applications, automating workflows, and improving operational efficiency without traditional programming. By 2034, the demand for no-code developers, business technologists, and citizen developers is expected to surge, contributing to a projected increase in global tech-related jobs from 6 million to 8 million. Companies will continue leveraging no-code platforms for cost-effective, scalable, and innovative solutions, making it a crucial component of future technology.",No-Code Developer: Builds applications using no-code platforms.Business Analyst: Designs automated workflows and solutions.No-Code Consultant: Advises businesses on no-code adoption.Automation Specialist: Implements workflow automation using no-code tools.Citizen Developer: Creates custom business applications without coding.UI/UX Designer: Enhances user experience in no-code applications.No-Code Product Manager: Oversees no-code development projects.Integration Specialist: Connects no-code platforms with external systems,Application Development – Gain the ability to build fully functional applications without writing code.Workflow Automation – Learn to automate business processes using no-code tools.UI/UX Design – Understand the principles of designing intuitive and user-friendly interfaces.Database Management – Learn to structure and manage data using no-code platforms.Integration Skills – Connect various applications and services using APIs and automation tools.Problem-Solving – Develop the ability to create innovative digital solutions without traditional programming,Introduction to No-Code Development.Workflow Automation & Database Management.Creating Dynamic Web and Mobile Apps.Case Study: Automating Business Processes Without Code.Build a Task Management App.Adding User Authentication & Role-Based Access.Integrating APIs with No-Code Platforms
